,id,name,symbol,slug,num_market_pairs,date_added,tags,max_supply,circulating_supply,total_supply,cmc_rank,last_updated,quote.USD.price,quote.USD.volume_24h,quote.USD.volume_change_24h,1h_percent,24h_percent,7d_percent,30d_percent,60d_percent,90d_percent,quote.USD.market_cap,quote.USD.market_cap_dominance,quote.USD.fully_diluted_market_cap,quote.USD.last_updated
0,1,Bitcoin,BTC,bitcoin,9577,2013-04-28,"['mineable', 'pow', 'sha-256', 'store-of-value', 'state-channel', 'coinbase-ventures-portfolio', 'three-arrows-capital-portfolio', 'polychain-capital-portfolio', 'binance-labs-portfolio', 'blockchain-capital-portfolio', 'boostvc-portfolio', 'cms-holdings-portfolio', 'dcg-portfolio', 'dragonfly-capital-portfolio', 'electric-capital-portfolio', 'fabric-ventures-portfolio', 'framework-ventures-portfolio', 'galaxy-digital-portfolio', 'huobi-capital-portfolio', 'alameda-research-portfolio', 'a16z-portfolio', '1confirmation-portfolio', 'winklevoss-capital-portfolio', 'usv-portfolio', 'placeholder-ventures-portfolio', 'pantera-capital-portfolio', 'multicoin-capital-portfolio', 'paradigm-portfolio']",21000000.0,19073800.0,19073800.0,1,2022-06-22T06:02:00.000Z,20389.478976840306,28690877355.505253,-6.6656,-0.24398102,-2.42651422,-3.95529933,-32.6402135,-48.48684995,-52.58551952,388904844108.4566,43.2302,428179058513.65,2022-06-22T06:02:00.000Z
1,1027,Ethereum,ETH,ethereum,5767,2015-08-07,"['mineable', 'pow', 'smart-contracts', 'ethereum-ecosystem', 'coinbase-ventures-portfolio', 'three-arrows-capital-portfolio', 'polychain-capital-portfolio', 'binance-labs-portfolio', 'blockchain-capital-portfolio', 'boostvc-portfolio', 'cms-holdings-portfolio', 'dcg-portfolio', 'dragonfly-capital-portfolio', 'electric-capital-portfolio', 'fabric-ventures-portfolio', 'framework-ventures-portfolio', 'hashkey-capital-portfolio', 'kenetic-capital-portfolio', 'huobi-capital-portfolio', 'alameda-research-portfolio', 'a16z-portfolio', '1confirmation-portfolio', 'winklevoss-capital-portfolio', 'usv-portfolio', 'placeholder-ventures-portfolio', 'pantera-capital-portfolio', 'multicoin-capital-portfolio', 'paradigm-portfolio', 'injective-ecosystem', 'bnb-chain']",,121260849.5615,121260849.5615,2,2022-06-22T06:01:00.000Z,1095.9100750401012,14996225234.405481,-21.6359,-0.3305187,-4.52852926,-2.61151074,-46.25489591,-62.90854419,-64.02139843,132890986742.36989,14.7654,132890986742.37,2022-06-22T06:01:00.000Z
2,825,Tether,USDT,tether,34965,2015-02-25,"['payments', 'stablecoin', 'asset-backed-stablecoin', 'avalanche-ecosystem', 'solana-ecosystem', 'arbitrum-ecosytem', 'moonriver-ecosystem', 'injective-ecosystem', 'bnb-chain', 'usd-stablecoin']",,66981025012.20322,68610622657.52944,3,2022-06-22T06:01:00.000Z,0.9990053386248008,49450554780.36636,-6.1742,-0.00056552,0.00010095,0.03428323,-0.01516093,-0.12656633,-0.13723106,66914401573.75233,7.434,68542378321.24,2022-06-22T06:01:00.000Z
3,3408,USD Coin,USDC,usd-coin,4569,2018-10-08,"['medium-of-exchange', 'stablecoin', 'asset-backed-stablecoin', 'fantom-ecosystem', 'arbitrum-ecosytem', 'moonriver-ecosystem', 'bnb-chain', 'usd-stablecoin']",,55897945995.23543,55897945995.23543,4,2022-06-22T06:00:00.000Z,1.0003809147490015,4665441201.408435,-13.3469,-0.00456717,-0.00396315,0.01418711,-0.00749427,0.00219529,0.04488941,55919238347.3039,6.2109,55919238347.3,2022-06-22T06:00:00.000Z
4,1839,BNB,BNB,bnb,972,2017-07-25,"['marketplace', 'centralized-exchange', 'payments', 'smart-contracts', 'alameda-research-portfolio', 'multicoin-capital-portfolio', 'moonriver-ecosystem', 'bnb-chain']",165116760.0,163276974.63,163276974.63,5,2022-06-22T06:01:00.000Z,216.37303493058354,1149526759.6007526,-7.3331,-0.12517012,-2.62991715,2.23520158,-33.18079942,-46.26710944,-47.22929897,35328734534.97699,3.9244,35726814479.1,2022-06-22T06:01:00.000Z
5,4687,Binance USD,BUSD,binance-usd,3873,2019-09-20,"['stablecoin', 'asset-backed-stablecoin', 'binance-chain', 'harmony-ecosystem', 'moonriver-ecosystem', 'bnb-chain', 'usd-stablecoin']",,17525749882.929256,17525749882.929256,6,2022-06-22T06:01:00.000Z,1.001030740884809,4912604758.050075,-2.0591,0.13987029,0.0110061,0.16041902,0.05077549,-0.03438046,-9.785e-05,17543814389.870525,1.9486,17543814389.87,2022-06-22T06:01:00.000Z
6,2010,Cardano,ADA,cardano,460,2017-10-01,"['mineable', 'dpos', 'pos', 'platform', 'research', 'smart-contracts', 'staking', 'cardano-ecosystem', 'cardano', 'bnb-chain']",45000000000.0,33739028515.755,34277702081.605,7,2022-06-22T06:00:00.000Z,0.4701564218098424,991312639.700433,-8.9484,0.10000002,-5.38891158,1.91324954,-13.23214755,-47.35100781,-56.83187891,15862620922.30761,1.7618,21157038981.44,2022-06-22T06:00:00.000Z
7,52,XRP,XRP,xrp,742,2013-08-04,"['medium-of-exchange', 'enterprise-solutions', 'binance-chain', 'arrington-xrp-capital-portfolio', 'galaxy-digital-portfolio', 'a16z-portfolio', 'pantera-capital-portfolio']",100000000000.0,48343101197.0,99989535142.0,8,2022-06-22T06:02:00.000Z,0.3239539476967657,1252883315.0187762,7.7549,-0.00287579,-0.95678421,6.11789779,-23.00053218,-54.62507348,-61.19192857,15660938476.67239,1.7396,32395394769.68,2022-06-22T06:02:00.000Z
8,5426,Solana,SOL,solana,335,2020-04-10,"['pos', 'platform', 'solana-ecosystem', 'cms-holdings-portfolio', 'kenetic-capital-portfolio', 'alameda-research-portfolio', 'multicoin-capital-portfolio', 'okex-blockdream-ventures-portfolio']",,342508604.6358067,511616946.142289,9,2022-06-22T06:00:00.000Z,34.73100299248434,1659134539.4803655,-19.4801,-0.16751606,-6.14531195,23.52591195,-33.63292696,-65.3616327,-64.14156458,11895667372.557838,1.3214,17768969687.47,2022-06-22T06:00:00.000Z
9,74,Dogecoin,DOGE,dogecoin,489,2013-12-15,"['mineable', 'pow', 'scrypt', 'medium-of-exchange', 'memes', 'payments', 'doggone-doggerel', 'bnb-chain']",,132670764299.89409,132670764299.89409,10,2022-06-22T06:02:00.000Z,0.06360257389836199,1075179630.7630146,110.6112,0.1727038,3.43049212,21.42111559,-26.00824586,-52.6633839,-53.35668479,8438202090.53618,0.938,8438202090.54,2022-06-22T06:02:00.000Z
10,6636,Polkadot,DOT,polkadot-new,354,2020-08-19,"['substrate', 'polkadot', 'binance-chain', 'polkadot-ecosystem', 'three-arrows-capital-portfolio', 'polychain-capital-portfolio', 'arrington-xrp-capital-portfolio', 'blockchain-capital-portfolio', 'boostvc-portfolio', 'cms-holdings-portfolio', 'coinfund-portfolio', 'fabric-ventures-portfolio', 'fenbushi-capital-portfolio', 'hashkey-capital-portfolio', 'kenetic-capital-portfolio', '1confirmation-portfolio', 'placeholder-ventures-portfolio', 'pantera-capital-portfolio', 'exnetwork-capital-portfolio', 'web3', 'spartan-group', 'injective-ecosystem', 'bnb-chain']",,987579314.957085,1103303471.382273,11,2022-06-22T06:01:00.000Z,7.551039545040646,400157888.5253519,-25.4149,0.14607512,-7.66205928,5.02649249,-25.79537558,-58.6050722,-64.08036167,7457250461.1051,0.8286,8331088142.59,2022-06-22T06:01:00.000Z
11,4943,Dai,DAI,multi-collateral-dai,1006,2019-11-22,"['defi', 'stablecoin', 'ethereum-ecosystem', 'avalanche-ecosystem', 'polygon-ecosystem', 'fantom-ecosystem', 'arbitrum-ecosytem', 'harmony-ecosystem', 'moonriver-ecosystem', 'bnb-chain', 'usd-stablecoin']",,6781676336.587318,6781676336.587318,12,2022-06-22T06:00:00.000Z,0.9999585903075303,322055635.6250272,-14.0364,-0.04888539,-0.05889478,0.00530844,-0.12591215,0.02382895,0.02920232,6781395509.455791,0.7532,6781395509.46,2022-06-22T06:00:00.000Z
12,1958,TRON,TRX,tron,639,2017-09-13,"['media', 'payments', 'tron-ecosystem', 'bnb-chain']",,92509676077.87094,92509678389.53731,13,2022-06-22T06:01:00.000Z,0.06516207299731126,673873096.6853195,-5.2248,0.44256188,2.98747023,28.78030365,-15.92657337,-3.9216959,1.22491865,6028122265.543846,0.6696,6028122416.18,2022-06-22T06:01:00.000Z
13,3957,UNUS SED LEO,LEO,unus-sed-leo,19,2019-05-21,"['marketplace', 'centralized-exchange', 'discount-token', 'payments', 'kenetic-capital-portfolio', 'alameda-research-portfolio']",,953954130.0,985239504.0,14,2022-06-22T06:01:00.000Z,5.912835146638266,7788322.16598667,22.3654,-0.18612567,8.97675769,11.37380104,17.97915311,2.10653577,-2.49277277,5640573508.14473,0.6266,5825558767.11,2022-06-22T06:01:00.000Z
14,3717,Wrapped Bitcoin,WBTC,wrapped-bitcoin,456,2019-01-30,"['medium-of-exchange', 'defi', 'wrapped-tokens', 'fantom-ecosystem', 'arbitrum-ecosytem', 'moonriver-ecosystem']",,266278.72002186,266278.72002186,15,2022-06-22T06:01:00.000Z,20392.251542283608,408338939.6251783,-2.2263,-0.03832108,-2.39636423,-3.60826014,-32.62437524,-48.45629873,-52.55683939,5430022639.043079,0.6032,5430022639.04,2022-06-22T06:01:00.000Z
15,5994,Shiba Inu,SHIB,shiba-inu,364,2020-08-01,"['memes', 'ethereum-ecosystem', 'doggone-doggerel']",,549063278876301.94,589735030408322.8,16,2022-06-22T06:00:00.000Z,9.78505744148275e-06,1754489324.8776248,625.9198,1.1615789,18.51556641,24.88428041,-18.25441525,-59.3379161,-60.22219064,5372615722.813477,0.5969,5770591147.8,2022-06-22T06:00:00.000Z
16,5805,Avalanche,AVAX,avalanche,268,2020-07-13,"['defi', 'smart-contracts', 'three-arrows-capital-portfolio', 'polychain-capital-portfolio', 'avalanche-ecosystem', 'cms-holdings-portfolio', 'dragonfly-capital-portfolio', 'moonriver-ecosystem', 'injective-ecosystem', 'bnb-chain']",720000000.0,281142271.7978643,404229626.49901325,17,2022-06-22T06:00:00.000Z,16.50343273908308,474070157.91351134,-20.0616,0.81168148,-6.27843115,7.07425813,-47.19138424,-77.70263185,-80.65567013,4639812572.729068,0.5153,11882471572.14,2022-06-22T06:00:00.000Z
17,2,Litecoin,LTC,litecoin,788,2013-04-28,"['mineable', 'pow', 'scrypt', 'medium-of-exchange', 'binance-chain', 'bnb-chain']",84000000.0,70555081.27791464,84000000.0,18,2022-06-22T06:02:00.000Z,51.77835557894226,614499009.3128272,-23.4419,-0.25887863,-4.02142242,19.25137313,-27.60719627,-51.49244088,-57.614342,3653226086.3090363,0.4059,4349381868.63,2022-06-22T06:02:00.000Z
18,4195,FTX Token,FTT,ftx-token,130,2019-07-31,"['marketplace', 'centralized-exchange', 'derivatives', 'cms-holdings-portfolio', 'kenetic-capital-portfolio', 'alameda-research-portfolio', 'pantera-capital-portfolio', 'exnetwork-capital-portfolio']",352170015.0,135473350.21874374,331342686.2859715,19,2022-06-22T06:01:00.000Z,26.068968943770056,106571462.32357284,-7.2635,-0.66979237,-3.5812022,13.53398594,-15.07003678,-36.72803769,-44.06597589,3531650559.560915,0.3924,9180709183.96,2022-06-22T06:01:00.000Z
19,7083,Uniswap,UNI,uniswap,380,2020-09-17,"['decentralized-exchange', 'defi', 'dao', 'yield-farming', 'amm', 'coinbase-ventures-portfolio', 'three-arrows-capital-portfolio', 'governance', 'blockchain-capital-portfolio', 'defiance-capital-portfolio', 'alameda-research-portfolio', 'a16z-portfolio', 'pantera-capital-portfolio', 'parafi-capital', 'paradigm-portfolio', 'arbitrum-ecosytem', 'injective-ecosystem', 'bnb-chain']",1000000000.0,719860925.4734113,1000000000.0,20,2022-06-22T06:02:00.000Z,4.701554888966896,259081187.35755086,62.2132,-0.92374715,4.00743408,29.48322667,-15.38494014,-47.43125646,-53.97842464,3384465653.535752,0.376,4701554888.97,2022-06-22T06:02:00.000Z
20,3890,Polygon,MATIC,polygon,405,2019-04-28,"['platform', 'enterprise-solutions', 'scaling', 'state-channel', 'coinbase-ventures-portfolio', 'binance-launchpad', 'binance-labs-portfolio', 'polygon-ecosystem', 'moonriver-ecosystem', 'injective-ecosystem', 'bnb-chain']",10000000000.0,8001489374.62,10000000000.0,21,2022-06-22T06:01:00.000Z,0.40777673272686643,484229826.31799954,-6.9419,0.05752686,-5.35351737,5.49217076,-40.04714171,-70.13501034,-74.06246261,3262821194.1312814,0.3625,4077767327.27,2022-06-22T06:01:00.000Z
21,1975,Chainlink,LINK,chainlink,665,2017-09-20,"['platform', 'defi', 'oracles', 'smart-contracts', 'substrate', 'polkadot', 'polkadot-ecosystem', 'avalanche-ecosystem', 'solana-ecosystem', 'framework-ventures-portfolio', 'polygon-ecosystem', 'fantom-ecosystem', 'cardano-ecosystem', 'web3', 'near-protocol-ecosystem', 'arbitrum-ecosytem', 'cardano', 'injective-ecosystem', 'bnb-chain']",1000000000.0,467009549.5205637,1000000000.0,22,2022-06-22T06:01:00.000Z,6.735330956522712,540369951.7310995,-14.9413,-0.16059145,-8.31713581,6.61089379,-8.73971076,-49.851654,-57.29979359,3145463875.877579,0.3495,6735330956.52,2022-06-22T06:01:00.000Z
22,3635,Cronos,CRO,cronos,137,2018-12-14,"['medium-of-exchange', 'cosmos-ecosystem', 'centralized-exchange', 'mobile', 'payments']",30263013692.0,25263013692.0,30263013692.0,23,2022-06-22T06:01:00.000Z,0.11427163424844129,28218767.21775348,3.1566,0.23263321,-2.55056652,2.09556157,-41.38968488,-71.79677736,-73.97436926,2886845860.6255884,0.3206,3458204031.87,2022-06-22T06:01:00.000Z
23,512,Stellar,XLM,stellar,434,2014-08-05,"['medium-of-exchange', 'enterprise-solutions', 'decentralized-exchange', 'smart-contracts', 'hashkey-capital-portfolio']",50001806812.0,24994959686.83345,50001787729.97895,24,2022-06-22T06:02:00.000Z,0.11334666275801607,182457194.84553206,3.8134,-0.08455051,-1.67355991,5.02528106,-16.67949374,-41.27257489,-45.9402523,2833095266.273718,0.3148,5667537934.01,2022-06-22T06:02:00.000Z
24,6535,NEAR Protocol,NEAR,near-protocol,167,2020-08-11,"['platform', 'staking', 'coinbase-ventures-portfolio', 'three-arrows-capital-portfolio', 'arrington-xrp-capital-portfolio', 'coinfund-portfolio', 'electric-capital-portfolio', 'fabric-ventures-portfolio', 'kenetic-capital-portfolio', 'near-protocol-ecosystem', 'injective-ecosystem', 'bnb-chain']",1000000000.0,720530009.0,1000000000.0,25,2022-06-22T06:02:00.000Z,3.35688051713283,311942436.040814,-9.198,-0.60485246,-4.91333407,5.66913069,-46.17524126,-78.09340658,-72.75478546,2418733149.221643,0.2687,3356880517.13,2022-06-22T06:02:00.000Z
25,1831,Bitcoin Cash,BCH,bitcoin-cash,606,2017-07-23,"['mineable', 'pow', 'sha-256', 'marketplace', 'medium-of-exchange', 'store-of-value', 'enterprise-solutions', 'payments', 'binance-chain', 'bnb-chain']",21000000.0,19097300.0,19097300.0,26,2022-06-22T06:01:00.000Z,116.32297601435242,1552122541.3253052,0.4437,0.39748968,-3.00260777,-2.70451623,-41.09336811,-63.46636369,-67.61472153,2221454769.8388925,0.2467,2442782496.3,2022-06-22T06:01:00.000Z
26,4030,Algorand,ALGO,algorand,226,2019-06-20,"['pos', 'platform', 'research', 'smart-contracts', 'arrington-xrp-capital-portfolio', 'kenetic-capital-portfolio', 'usv-portfolio', 'multicoin-capital-portfolio', 'exnetwork-capital-portfolio']",10000000000.0,6899236211.734029,7293075131.24179,27,2022-06-22T06:01:00.000Z,0.3184159063365071,103157174.28104906,-9.3639,0.0869937,-6.70215163,10.10482139,-27.66858607,-55.42573372,-61.88756325,2196826551.388941,0.244,3184159063.37,2022-06-22T06:01:00.000Z
27,1321,Ethereum Classic,ETC,ethereum-classic,311,2016-07-24,"['mineable', 'pow', 'ethash', 'platform', 'smart-contracts', 'dcg-portfolio', 'bnb-chain']",210700000.0,135422338.0013633,210700000.0,28,2022-06-22T06:01:00.000Z,15.638226831979111,283325689.37711525,-17.1517,0.04152153,-5.3427122,14.19832157,-25.7811642,-55.21969701,-64.71266407,2117765239.782264,0.2352,3294974393.5,2022-06-22T06:01:00.000Z
28,328,Monero,XMR,monero,182,2014-05-21,"['mineable', 'pow', 'medium-of-exchange', 'privacy', 'ringct', 'boostvc-portfolio', 'electric-capital-portfolio', 'galaxy-digital-portfolio']",,18137817.78232307,18137817.78232307,29,2022-06-22T06:02:00.000Z,114.42060169466748,94629821.15325493,-0.274,-0.23367663,-5.31760577,2.77220178,-39.66245128,-57.83925365,-42.04684173,2075340024.081645,0.2307,2075340024.08,2022-06-22T06:02:00.000Z
29,3794,Cosmos,ATOM,cosmos,295,2019-03-14,"['platform', 'cosmos-ecosystem', 'content-creation', 'interoperability', 'binance-chain', 'polychain-capital-portfolio', 'dragonfly-capital-portfolio', 'hashkey-capital-portfolio', '1confirmation-portfolio', 'paradigm-portfolio', 'exnetwork-capital-portfolio', 'injective-ecosystem', 'bnb-chain']",,286370297.0,0.0,30,2022-06-22T06:01:00.000Z,6.7609292390003946,183668277.85007763,-5.0385,0.33824015,-3.27939626,6.2925816,-41.41868517,-70.5969729,-76.25649017,1936129314.168527,0.2151,0.0,2022-06-22T06:01:00.000Z
30,3077,VeChain,VET,vechain,187,2017-08-22,"['logistics', 'data-provenance', 'iot', 'smart-contracts', 'fenbushi-capital-portfolio']",86712634466.0,72511146418.0,85985041177.0,31,2022-06-22T06:00:00.000Z,0.02317999744586237,144144238.10708168,8.6865,-0.24439746,-3.07141369,1.91705537,-29.22989972,-60.18126646,-58.47597754,1680808188.7657921,0.1867,2009998645.45,2022-06-22T06:00:00.000Z
31,4642,Hedera,HBAR,hedera,104,2019-09-17,"['dag', 'marketplace', 'enterprise-solutions', 'payments', 'dcg-portfolio']",50000000000.0,21084776583.751095,50000000000.0,32,2022-06-22T06:01:00.000Z,0.07545599011018768,93978051.81277184,52.6616,0.38617098,3.10709593,22.87503908,-27.78645372,-59.89821466,-66.24348686,1590972693.3790393,0.1767,3772799505.51,2022-06-22T06:01:00.000Z
32,1966,Decentraland,MANA,decentraland,277,2017-09-17,"['platform', 'collectibles-nfts', 'gaming', 'payments', 'metaverse', 'boostvc-portfolio', 'dcg-portfolio', 'fabric-ventures-portfolio', 'kenetic-capital-portfolio', 'polygon-ecosystem', 'play-to-earn']",,1849223840.8482091,2193636927.320146,33,2022-06-22T06:01:00.000Z,0.8193114140317974,239753859.84671238,16.8711,-0.28106193,-3.91823176,5.48466553,-26.01573129,-59.6251538,-68.77302282,1515090199.9066577,0.1683,1797271772.8,2022-06-22T06:01:00.000Z
33,4558,Flow,FLOW,flow,76,2021-01-27,"['collectibles-nfts', 'coinbase-ventures-portfolio', 'coinfund-portfolio', 'dcg-portfolio', 'ledgerprime-portfolio', 'a16z-portfolio', 'animoca-brands-portfolio']",,1036200000.0,1373338337.0,34,2022-06-22T06:01:00.000Z,1.4519065148845467,38335086.88005523,5.2698,1.36293328,-2.14560859,-1.6983621,-49.9749971,-73.95318821,-76.88126035,1504465530.7233672,0.1671,1993958878.63,2022-06-22T06:01:00.000Z
34,8916,Internet Computer,ICP,internet-computer,120,2021-03-23,"['platform', 'distributed-computing', 'polychain-capital-portfolio', 'exnetwork-capital-portfolio']",,240526407.79089415,483400937.13289183,35,2022-06-22T06:02:00.000Z,5.6036975888866065,97063068.93305235,0.1961,-0.43934723,-6.0889906,5.96307728,-33.21821709,-66.45811571,-70.78874746,1347837251.4013903,0.1498,2708832665.88,2022-06-22T06:02:00.000Z
35,6892,Elrond,EGLD,elrond-egld,104,2020-09-04,"['binance-launchpad', 'binance-labs-portfolio', 'electric-capital-portfolio', 'exnetwork-capital-portfolio', 'elrond-ecosystem', 'injective-ecosystem', 'bnb-chain']",31415926.0,22447405.65778153,23016298.0,36,2022-06-22T06:01:00.000Z,59.658946480107666,94365577.62739222,-9.232,0.49337774,0.7302352,36.80112803,-35.3531306,-60.96449322,-68.19619786,1339188572.7548544,0.1488,1874241047.86,2022-06-22T06:01:00.000Z
36,2280,Filecoin,FIL,filecoin,214,2017-12-13,"['mineable', 'distributed-computing', 'filesharing', 'storage', 'polychain-capital-portfolio', 'blockchain-capital-portfolio', 'boostvc-portfolio', 'dcg-portfolio', 'hashkey-capital-portfolio', 'a16z-portfolio', 'winklevoss-capital-portfolio', 'pantera-capital-portfolio', 'web3', 'bnb-chain']",,222133529.0,222133529.0,37,2022-06-22T06:01:00.000Z,5.6364775495451305,308470519.0314868,64.1616,-0.06576343,-1.96336569,8.88045301,-33.16939739,-70.354007,-70.75177137,1252050649.2097323,0.1391,1252050649.21,2022-06-22T06:01:00.000Z
37,2416,Theta Network,THETA,theta-network,117,2018-01-17,"['media', 'collectibles-nfts', 'content-creation', 'defi', 'video', 'metaverse', 'huobi-capital-portfolio', 'web3']",1000000000.0,1000000000.0,1000000000.0,38,2022-06-22T06:02:00.000Z,1.2494922706790403,95200279.43455373,16.0599,0.95059032,-4.08708823,16.67213212,-5.39774573,-59.38386954,-60.85088416,1249492270.6790404,0.1389,1249492270.68,2022-06-22T06:02:00.000Z
38,2011,Tezos,XTZ,tezos,218,2017-10-06,"['pos', 'platform', 'enterprise-solutions', 'collectibles-nfts', 'defi', 'smart-contracts', 'polychain-capital-portfolio', 'boostvc-portfolio', 'winklevoss-capital-portfolio']",,898972290.550959,920536455.313533,39,2022-06-22T06:00:00.000Z,1.381759451928313,62584599.33576763,-12.7967,0.37056627,-5.96509649,1.80392273,-29.4880479,-54.16132984,-60.46695655,1242163459.4904332,0.138,1271959947.97,2022-06-22T06:00:00.000Z
39,18876,ApeCoin,APE,apecoin-ape,167,2022-03-17,"['collectibles-nfts', 'content-creation', 'gaming', 'entertainment', 'dao', 'governance', 'metaverse', 'animoca-brands-portfolio']",1000000000.0,299531250.0,1000000000.0,40,2022-06-22T06:02:00.000Z,4.12151986039947,393365773.79542077,-42.5821,-1.14728819,-13.88400679,22.15710139,-48.35326162,-75.35414808,-70.66027423,1234523995.6852787,0.1372,4121519860.4,2022-06-22T06:02:00.000Z
40,5665,Helium,HNT,helium,52,2020-06-05,"['mineable', 'enterprise-solutions', 'distributed-computing', 'iot', 'usv-portfolio', 'multicoin-capital-portfolio', 'web3']",223000000.0,120171988.8298113,223000000.0,41,2022-06-22T06:00:00.000Z,10.279705347864327,26497713.05260443,12.7306,0.19974849,-5.36421029,11.13029648,25.58311154,-42.76999769,-58.41759703,1235332636.2373035,0.1372,2292374292.57,2022-06-22T06:00:00.000Z
41,2563,TrueUSD,TUSD,trueusd,268,2018-03-06,"['store-of-value', 'stablecoin', 'asset-backed-stablecoin', 'avalanche-ecosystem', 'arbitrum-ecosytem', 'bnb-chain', 'usd-stablecoin']",,1212986758.8804245,1212986758.8804245,42,2022-06-22T06:02:00.000Z,1.0003948971996774,66286090.42014012,-17.8417,-0.04432796,-0.09134792,-0.07289571,-0.03923872,0.05340567,0.05435396,1213465763.9547522,0.1349,1213465763.95,2022-06-22T06:02:00.000Z
42,3602,Bitcoin SV,BSV,bitcoin-sv,173,2018-11-09,"['mineable', 'pow', 'sha-256', 'medium-of-exchange', 'store-of-value', 'state-channel']",21000000.0,19084882.89423905,19084882.89423905,43,2022-06-22T06:00:00.000Z,63.40214907025142,132680029.97222137,-16.3417,0.54692634,-2.58395346,23.94061692,23.65078236,-20.31357003,-29.38387032,1210022590.2488356,0.1344,1331445130.48,2022-06-22T06:00:00.000Z
43,6783,Axie Infinity,AXS,axie-infinity,223,2020-08-31,"['collectibles-nfts', 'gaming', 'binance-launchpad', 'metaverse', 'defiance-capital-portfolio', 'play-to-earn', 'animoca-brands-portfolio']",270000000.0,81535770.5393316,270000000.0,44,2022-06-22T06:01:00.000Z,14.41240235770463,152591798.8647611,-2.6585,0.27220149,-3.93771014,9.62930974,-36.48454873,-68.3969866,-75.45581222,1175126331.5583265,0.1305,3891348636.58,2022-06-22T06:01:00.000Z
44,6210,The Sandbox,SAND,the-sandbox,230,2020-08-05,"['collectibles-nfts', 'content-creation', 'gaming', 'ethereum-ecosystem', 'binance-launchpad', 'metaverse', 'play-to-earn', 'animoca-brands-portfolio']",3000000000.0,1258626081.2233226,3000000000.0,45,2022-06-22T06:01:00.000Z,0.895198826220907,302561900.0137065,7.9262,0.16098416,-1.54708609,8.59798056,-37.05747907,-66.97964859,-73.54159928,1126720590.5621383,0.1251,2685596478.66,2022-06-22T06:01:00.000Z
45,2087,KuCoin Token,KCS,kucoin-token,39,2017-10-24,"['marketplace', 'centralized-exchange', 'discount-token', 'algorand-ecosystem']",170118638.0,98379860.95,145879861.0,46,2022-06-22T06:01:00.000Z,10.697481399894816,5384857.05474579,33.5152,-0.03715177,1.5778776,-5.84399592,-36.68364007,-46.99300475,-42.1828018,1052416732.6368634,0.1169,1819840965.78,2022-06-22T06:01:00.000Z
46,3330,Pax Dollar,USDP,paxos-standard,61,2018-09-27,"['store-of-value', 'stablecoin', 'asset-backed-stablecoin', 'bnb-chain', 'usd-stablecoin']",,945642940.11,945642940.11,48,2022-06-22T06:00:00.000Z,0.9992822592481504,75121766.54727527,34.4153,-0.03206817,-0.53486893,-0.24920191,-0.2521459,0.03835783,-0.40236804,944964213.6351842,0.105,944964213.64,2022-06-22T06:00:00.000Z
47,1437,Zcash,ZEC,zcash,257,2016-10-29,"['mineable', 'pow', 'equihash', 'medium-of-exchange', 'privacy', 'zero-knowledge-proofs', 'binance-chain', 'boostvc-portfolio', 'dcg-portfolio', 'electric-capital-portfolio', 'fenbushi-capital-portfolio', 'hashkey-capital-portfolio', 'winklevoss-capital-portfolio', 'placeholder-ventures-portfolio', 'pantera-capital-portfolio', 'bnb-chain']",21000000.0,14657887.5,14657887.5,48,2022-06-22T06:01:00.000Z,64.41386651677642,88086711.8616481,-13.6639,-0.53793169,-4.24276737,5.94120272,-39.76568777,-58.60383856,-64.76003675,944171208.8429257,0.1049,1352691196.85,2022-06-22T06:01:00.000Z
48,1765,EOS,EOS,eos,453,2017-07-01,"['medium-of-exchange', 'enterprise-solutions', 'smart-contracts', 'binance-chain', 'fenbushi-capital-portfolio', 'galaxy-digital-portfolio', 'bnb-chain']",,992492518.9912,1057971250.5129,49,2022-06-22T06:01:00.000Z,0.9415913773631641,229936522.07678694,-11.1906,-0.15972367,-3.85867833,6.07695708,-31.07222386,-61.1029764,-61.78431419,934522397.9795603,0.1038,996176606.98,2022-06-22T06:01:00.000Z
49,7278,Aave,AAVE,aave,343,2020-10-02,"['defi', 'dao', 'yield-farming', 'three-arrows-capital-portfolio', 'governance', 'lending-borowing', 'blockchain-capital-portfolio', 'defiance-capital-portfolio', 'framework-ventures-portfolio', 'alameda-research-portfolio', 'pantera-capital-portfolio', 'parafi-capital', 'polygon-ecosystem', 'fantom-ecosystem', 'bnb-chain']",16000000.0,13897350.59043035,16000000.0,50,2022-06-22T06:01:00.000Z,63.57467716740427,326614154.58265483,5.2064,-0.18362304,-3.47322013,12.500319,-33.48693968,-63.68928105,-59.64498631,883519577.2688445,0.0981,1017194834.68,2022-06-22T06:01:00.000Z
50,1518,Maker,MKR,maker,258,2017-01-29,"['store-of-value', 'defi', 'dao', 'polychain-capital-portfolio', 'governance', 'lending-borowing', 'dragonfly-capital-portfolio', 'electric-capital-portfolio', 'a16z-portfolio', '1confirmation-portfolio', 'placeholder-ventures-portfolio', 'pantera-capital-portfolio', 'paradigm-portfolio', 'near-protocol-ecosystem', 'spartan-group', 'bnb-chain']",1005577.0,977631.03695089,977631.03695089,51,2022-06-22T06:01:00.000Z,899.4885281606366,97392438.94605306,-16.9813,-0.1536198,-2.37080527,20.82016141,-36.69898586,-48.4482386,-55.25956198,879367902.511113,0.0977,904504975.68,2022-06-22T06:01:00.000Z
51,2502,Huobi Token,HT,huobi-token,110,2018-02-03,"['marketplace', 'centralized-exchange', 'discount-token', 'payments', 'algorand-ecosystem', 'kenetic-capital-portfolio', 'alameda-research-portfolio', 'multicoin-capital-portfolio']",500000000.0,154409022.25441208,500000000.0,52,2022-06-22T06:02:00.000Z,5.24793665517961,25263357.44791047,-19.9865,-0.06632037,-2.8935702,-0.92503128,-24.95509867,-44.2727846,-42.40634269,810328767.7793734,0.09,2623968327.59,2022-06-22T06:02:00.000Z
52,5068,Neutrino USD,USDN,neutrino-usd,46,2020-01-30,"['defi', 'stablecoin', 'algorithmic-stablecoin', 'bnb-chain', 'usd-stablecoin']",,791288756.018548,791289360.0785786,53,2022-06-22T06:01:00.000Z,0.992450811381126,11921071.27616467,142.573,-0.22927847,0.25430888,5.8333698,1.38082873,1.3643803,-0.17369642,785315167.9473698,0.0872,785315767.45,2022-06-22T06:01:00.000Z
53,1720,IOTA,MIOTA,iota,77,2017-06-13,"['dag', 'medium-of-exchange', 'iot', 'sharing-economy', 'bnb-chain']",2779530283.0,2779530283.0,2779530283.0,54,2022-06-22T06:01:00.000Z,0.2783177041283931,17423967.9890324,1.1465,-0.17627535,-3.36841904,11.32035138,-19.73529736,-58.74229113,-64.46651553,773592486.9199027,0.0859,773592486.92,2022-06-22T06:01:00.000Z
54,16086,BitTorrent-New,BTT,bittorrent-new,71,2019-01-31,"['platform', 'distributed-computing', 'filesharing', 'interoperability', 'staking', 'tron-ecosystem', 'storage', 'binance-launchpad', 'binance-labs-portfolio', 'web3', 'bnb-chain']",,932028892857000.0,990000000000000.0,55,2022-06-22T06:01:00.000Z,8.135404232901612e-07,97481649.02197748,-0.165,0.58890803,0.12579689,6.41960828,-28.92170604,-56.05514026,-56.89099792,758243180.0135441,0.0842,805405019.06,2022-06-22T06:01:00.000Z
55,1274,Waves,WAVES,waves,185,2016-06-02,"['lpos', 'platform', 'smart-contracts']",,108596284.0,108596284.0,56,2022-06-22T06:01:00.000Z,6.885838531571446,1925036959.9696057,792.9606,-2.25580404,41.13644507,52.01956099,16.79943365,-62.97920641,-77.60751792,747776476.7526758,0.0831,747776476.75,2022-06-22T06:01:00.000Z
56,6719,The Graph,GRT,the-graph,219,2020-12-17,"['ai-big-data', 'enterprise-solutions', 'defi', 'coinbase-ventures-portfolio', 'solana-ecosystem', 'analytics', 'coinfund-portfolio', 'dcg-portfolio', 'fabric-ventures-portfolio', 'framework-ventures-portfolio', 'ledgerprime-portfolio', 'multicoin-capital-portfolio', 'parafi-capital', 'polygon-ecosystem', 'fantom-ecosystem', 'web3', 'near-protocol-ecosystem', 'arbitrum-ecosytem', 'spartan-group', 'injective-ecosystem', 'bnb-chain']",10057044431.0,6900000000.0,10000000000.0,57,2022-06-22T06:01:00.000Z,0.10680825930652611,56294314.6086022,-1.1551,-0.36866204,-4.7668939,11.83618271,-35.52449824,-69.25411958,-74.80117991,736976989.2150302,0.0819,1074175409.44,2022-06-22T06:01:00.000Z
57,4256,Klaytn,KLAY,klaytn,110,2020-03-30,"['platform', 'enterprise-solutions', 'injective-ecosystem']",,2877452268.0,10782297980.8,58,2022-06-22T06:02:00.000Z,0.25228527230936654,35717656.03620449,4.7407,0.1953969,-0.14528646,3.71711378,-48.74680359,-72.93520671,-77.84537149,725938828.9895843,0.0807,2720214982.21,2022-06-22T06:02:00.000Z
58,10791,eCash,XEC,ecash,51,2021-07-08,[],21000000000000.0,19093904673303.0,18899704673313.0,59,2022-06-22T06:02:00.000Z,3.724340981075339e-05,15086269.33832741,46.9169,-0.74379357,-2.11043673,2.84042727,-29.23504716,-58.65970231,-55.27014537,711122116.6352829,0.079,782111606.03,2022-06-22T06:02:00.000Z
59,19891,USDD,USDD,usdd,63,2022-05-02,"['stablecoin', 'algorithmic-stablecoin', 'usd-stablecoin']",,723321764.61,723321764.61,60,2022-06-22T06:01:00.000Z,0.9736946839654044,98863701.44862917,-8.5405,-0.120286,1.01929593,0.50663642,-2.66569185,-2.34856466,-2.34856466,704294556.9972326,0.0782,704294557.0,2022-06-22T06:01:00.000Z
60,3897,OKB,OKB,okb,68,2019-04-30,"['marketplace', 'centralized-exchange', 'discount-token', 'alameda-research-portfolio']",,60000000.0,300000000.0,61,2022-06-22T06:01:00.000Z,11.154333623657568,12809833.47281141,-4.2062,-0.01789938,-2.09029566,1.65720934,-11.89173212,-42.86074914,-44.46723366,669260017.4194541,0.0743,3346300087.1,2022-06-22T06:01:00.000Z
61,3513,Fantom,FTM,fantom,335,2018-10-29,"['platform', 'enterprise-solutions', 'defi', 'research', 'scaling', 'smart-contracts', 'fantom-ecosystem', 'injective-ecosystem', 'bnb-chain']",3175000000.0,2545006273.0,2545006273.0,62,2022-06-22T06:00:00.000Z,0.26267703020164984,225763352.28324014,3.6086,-0.48500527,0.50489727,19.82139566,-42.04605046,-76.04330105,-79.98793717,668514689.6362092,0.0743,833999570.89,2022-06-22T06:00:00.000Z
62,3155,Quant,QNT,quant,96,2018-08-10,"['platform', 'interoperability']",14612493.0,12072738.0,14612493.080826,63,2022-06-22T06:00:00.000Z,54.54687588673709,42398074.58830518,-27.3517,-0.45084308,-4.81575308,21.34194839,-22.18927724,-48.88283793,-56.58417023,658530141.2990946,0.0731,797065842.07,2022-06-22T06:00:00.000Z
63,1376,Neo,NEO,neo,247,2016-09-08,"['platform', 'enterprise-solutions', 'smart-contracts']",100000000.0,70538831.0,100000000.0,64,2022-06-22T06:01:00.000Z,9.001975514381062,60548887.82456055,-9.7345,-0.06323726,-3.84104514,-0.80411213,-25.01750331,-56.91303294,-62.29127897,634988829.4750638,0.0705,900197551.44,2022-06-22T06:01:00.000Z
64,4705,PAX Gold,PAXG,pax-gold,73,2019-09-26,"['bnb-chain', 'tokenized-gold']",,333258.493,333258.493,65,2022-06-22T06:01:00.000Z,1828.621354355232,21530195.71512224,-17.3747,-0.16194846,-0.80961609,0.28274444,-1.60120878,-5.58336904,-5.79353556,609403596.8200436,0.0677,609403596.82,2022-06-22T06:01:00.000Z
65,4157,THORChain,RUNE,thorchain,95,2019-07-23,"['cosmos-ecosystem', 'decentralized-exchange', 'defi', 'multicoin-capital-portfolio', 'exnetwork-capital-portfolio']",500000000.0,330688061.33445597,334937974.91478544,66,2022-06-22T06:01:00.000Z,1.8052302097369783,100906948.95004325,10.7682,0.37502674,-5.14912448,1.18060316,-42.4995751,-78.23936363,-78.10993073,596968078.3203146,0.0663,902615104.87,2022-06-22T06:01:00.000Z
66,4066,Chiliz,CHZ,chiliz,248,2019-07-01,"['sports', 'collectibles-nfts', 'content-creation', 'payments']",8888888888.0,6000378770.547273,8888888888.0,67,2022-06-22T06:00:00.000Z,0.09318741299507742,72931504.42017096,2.8712,-0.26510757,-2.11555204,3.78528685,-25.67271014,-57.2251546,-57.71292057,559159774.6178836,0.0621,828332559.87,2022-06-22T06:00:00.000Z
67,1697,Basic Attention Token,BAT,basic-attention-token,308,2017-06-01,"['marketing', 'content-creation', 'defi', 'payments', 'dcg-portfolio', '1confirmation-portfolio', 'pantera-capital-portfolio', 'web3', 'bnb-chain']",1500000000.0,1497691558.0663347,1500000000.0,68,2022-06-22T06:01:00.000Z,0.3644390182245834,96669876.2210445,-36.1334,-0.28353239,-8.34716258,31.07546486,-10.80513794,-49.93810061,-56.96741198,545817241.0249417,0.0606,546658527.34,2022-06-22T06:01:00.000Z
68,2469,Zilliqa,ZIL,zilliqa,198,2018-01-25,"['mineable', 'platform', 'payments', 'smart-contracts', 'polychain-capital-portfolio', 'kenetic-capital-portfolio', 'zilliqa-ecosystem', 'bnb-chain']",21000000000.0,12947542945.289286,16239010098.289286,69,2022-06-22T06:02:00.000Z,0.040020694300637955,793338840.7879201,336.2741,-0.0514533,13.43782124,25.92386521,-28.28448389,-63.45269572,-17.25417603,518169658.1578041,0.0576,840434580.31,2022-06-22T06:02:00.000Z
69,4847,Stacks,STX,stacks,54,2019-10-28,"['mineable', 'platform', 'collectibles-nfts', 'defi', 'smart-contracts', 'metaverse', 'arrington-xrp-capital-portfolio', 'blockchain-capital-portfolio', 'dcg-portfolio', 'fabric-ventures-portfolio', 'hashkey-capital-portfolio', 'huobi-capital-portfolio', 'usv-portfolio', 'web3', 'injective-ecosystem']",1818000000.0,1319802580.529847,1352464600.0,70,2022-06-22T06:01:00.000Z,0.3878401693818233,46585486.79546176,-16.1425,0.02194434,-5.82303377,23.83143818,-30.46143731,-65.70743008,-71.33938028,511872456.38326335,0.0569,705093427.94,2022-06-22T06:01:00.000Z
70,1934,Loopring,LRC,loopring,210,2017-08-30,"['marketplace', 'decentralized-exchange', 'defi', 'scaling', 'rollups']",1374513896.0,1330088529.837908,1373873437.4424574,71,2022-06-22T06:01:00.000Z,0.3799565493721207,94603952.26461054,27.6043,0.41298616,-2.36275898,7.28968161,-25.96241284,-59.23198364,-65.2567749,505375848.1566485,0.0562,522255556.99,2022-06-22T06:01:00.000Z
71,131,Dash,DASH,dash,338,2014-02-14,"['mineable', 'hybrid-pow-pos', 'x11', 'medium-of-exchange', 'masternodes', 'dao', 'governance']",18900000.0,10782659.39767485,10782659.39767485,72,2022-06-22T06:02:00.000Z,45.89215964094756,92222312.71982788,-7.2212,-0.30084716,-1.81529549,12.98976866,-26.46998495,-55.30163208,-64.1880555,494839526.4320577,0.055,867361817.21,2022-06-22T06:02:00.000Z
72,18069,STEPN,GMT,green-metaverse-token,113,2022-03-09,"['collectibles-nfts', 'gaming', 'binance-launchpad', 'solana-ecosystem', 'move-to-earn']",6000000000.0,600000000.0,6000000000.0,73,2022-06-22T06:01:00.000Z,0.7807540854147426,413633880.7703375,-31.0865,-2.06427275,-5.04883276,29.63365012,-45.04353014,-75.23529209,4.25187136,468452451.2488455,0.052,4684524512.49,2022-06-22T06:01:00.000Z
73,7186,PancakeSwap,CAKE,pancakeswap,255,2020-09-25,"['collectibles-nfts', 'decentralized-exchange', 'defi', 'smart-contracts', 'yield-farming', 'binance-chain', 'amm', 'dex', 'governance', 'bnb-chain']",750000000.0,148988455.48060778,303788519.1074872,74,2022-06-22T06:01:00.000Z,3.050947864844516,82440887.89194146,15.8692,0.31659109,-1.24031511,1.55078665,-38.65254508,-66.80232229,-56.19462998,454556010.1350425,0.0505,2288210898.63,2022-06-22T06:01:00.000Z
74,5034,Kusama,KSM,kusama,138,2019-12-12,"['substrate', 'polkadot-ecosystem', 'cms-holdings-portfolio', 'kenetic-capital-portfolio', '1confirmation-portfolio', 'vbc-ventures-portfolio']",,8470098.05726206,9651217.45126206,75,2022-06-22T06:02:00.000Z,53.05323161037189,35327341.79210184,-17.9603,0.45570571,-4.80356921,5.67057498,-34.53753058,-67.1220084,-67.01789213,449366073.994485,0.0499,512028274.76,2022-06-22T06:02:00.000Z
75,8642,Fei USD,FEI,fei-usd,51,2021-03-02,"['defi', 'stablecoin', 'algorithmic-stablecoin']",,424996177.78890556,426116732.6917724,76,2022-06-22T06:02:00.000Z,0.98920614869495,2546490.64034905,-50.7443,0.02497413,-0.76611773,-0.31752224,-0.5215078,-0.10276855,-0.28359384,420408832.24063754,0.0467,421517292.04,2022-06-22T06:02:00.000Z
76,2130,Enjin Coin,ENJ,enjin-coin,254,2017-11-01,"['media', 'collectibles-nfts', 'gaming', 'ethereum-ecosystem', 'metaverse', 'arrington-xrp-capital-portfolio']",1000000000.0,895399955.567558,1000000000.0,77,2022-06-22T06:01:00.000Z,0.45847222279681293,68597072.77153121,-6.3436,0.19373067,-3.89553624,7.99070611,-36.59677933,-67.65167113,-71.91613054,410516007.9212259,0.0456,458472222.8,2022-06-22T06:01:00.000Z
77,2586,Synthetix,SNX,synthetix-network-token,248,2018-03-14,"['services', 'decentralized-exchange', 'defi', 'derivatives', 'dao', 'yield-farming', 'coinbase-ventures-portfolio', 'three-arrows-capital-portfolio', 'governance', 'synthetics', 'defiance-capital-portfolio', 'framework-ventures-portfolio', 'alameda-research-portfolio', 'parafi-capital', 'paradigm-portfolio', 'fantom-ecosystem', 'spartan-group', 'bnb-chain']",212424133.0,114841533.01197928,215258834.2449152,78,2022-06-22T06:02:00.000Z,3.5086626104755037,410383814.1204315,-26.5251,-0.98095188,16.20495018,101.49861844,27.19217617,-36.95370034,-36.00811048,402940193.00881994,0.0448,745324613.02,2022-06-22T06:02:00.000Z
78,5567,Celo,CELO,celo,112,2020-05-22,"['pos', 'zero-knowledge-proofs', 'mobile', 'payments', 'smart-contracts', 'coinbase-ventures-portfolio', 'polychain-capital-portfolio', 'dragonfly-capital-portfolio', 'electric-capital-portfolio', 'a16z-portfolio', 'celo-ecosystem']",1000000000.0,445012828.0,1000000000.0,79,2022-06-22T06:00:00.000Z,0.8888134764363533,34177516.84557997,-36.0283,0.73114523,-6.14911051,5.01458895,-34.26739197,-70.02575618,-71.11743114,395533398.71345294,0.0439,888813476.44,2022-06-22T06:00:00.000Z
79,7080,Gala,GALA,gala,167,2020-09-16,"['collectibles-nfts', 'gaming', 'binance-smart-chain', 'polygon-ecosystem', 'play-to-earn']",,6977205436.0,35240112493.0,80,2022-06-22T06:01:00.000Z,0.05523914633361863,210039792.7720518,11.3754,-0.50939623,-5.48313929,-1.7743717,-37.3155558,-70.66439696,-78.12906659,385414872.07892334,0.0428,1946633730.81,2022-06-22T06:01:00.000Z
80,2694,Nexo,NEXO,nexo,75,2018-05-01,"['services', 'payments', 'cardano-ecosystem']",1000000000.0,560000011.0,1000000000.0,81,2022-06-22T06:02:00.000Z,0.6850487344393847,8736826.58340974,3.8596,0.45166634,-3.27249187,1.23399502,-49.67919789,-69.94704736,-69.59460797,383627298.82159156,0.0426,685048734.44,2022-06-22T06:02:00.000Z
81,2682,Holo,HOT,holo,118,2018-04-29,"['platform', 'distributed-computing', 'filesharing', 'storage']",,173328567615.0945,177619433541.14133,82,2022-06-22T06:02:00.000Z,0.0021904969605530894,49991291.59204509,63.0775,0.61351751,2.68006317,11.45054708,-17.39453116,-53.92905802,-54.11097688,379675700.5378852,0.0422,389074829.31,2022-06-22T06:02:00.000Z
82,6538,Curve DAO Token,CRV,curve-dao-token,293,2020-08-14,"['decentralized-exchange', 'defi', 'dao', 'yield-farming', 'amm', 'governance', 'framework-ventures-portfolio', 'alameda-research-portfolio', 'polygon-ecosystem', 'fantom-ecosystem', 'arbitrum-ecosytem']",3303030299.0,536607816.7565502,1770118890.7411125,83,2022-06-22T06:02:00.000Z,0.7057992341699842,124637884.64781211,-8.8419,-0.57674877,-4.9108032,6.21917581,-44.33957063,-71.70668943,-70.56438561,378737386.11640036,0.0421,2331276255.47,2022-06-22T06:02:00.000Z
83,6945,Amp,AMP,amp,77,2020-09-08,[],92547638199.0,42227702186.0,99213408535.0,84,2022-06-22T06:01:00.000Z,0.008958007504257215,5460926.22281717,-12.8488,-0.09870463,-2.76486648,-2.79892824,-32.29612167,-59.77439495,-66.64901072,378276073.06972677,0.042,829042437.49,2022-06-22T06:01:00.000Z
84,8104,1inch Network,1INCH,1inch,238,2020-12-25,"['decentralized-exchange', 'defi', 'amm', 'binance-labs-portfolio', 'blockchain-capital-portfolio', 'dragonfly-capital-portfolio', 'fabric-ventures-portfolio', 'alameda-research-portfolio', 'parafi-capital', 'spartan-group', 'bnb-chain']",,536523110.9860154,1500000000.0,85,2022-06-22T06:01:00.000Z,0.6972294545923956,101446009.49087103,-50.6793,-0.28219845,-2.14641701,24.9892157,-29.93611544,-52.12893673,-56.85913079,374079716.04899484,0.0416,1045844181.89,2022-06-22T06:01:00.000Z
85,2634,XDC Network,XDC,xinfin,58,2018-04-12,['xdc-ecosystem'],,12305012698.75,37705012698.75,86,2022-06-22T06:02:00.000Z,0.030045839370530916,16651657.98546821,64.5297,-0.78672563,-4.31371326,2.01846565,-29.50467278,-45.43167344,-44.84252777,369714434.99898565,0.0411,1132878755.01,2022-06-22T06:02:00.000Z
86,873,NEM,XEM,nem,125,2015-04-01,"['poi', 'medium-of-exchange', 'payments', 'smart-contracts', 'fantom-ecosystem']",8999999999.0,8999999999.0,8999999999.0,87,2022-06-22T06:02:00.000Z,0.04078379823414426,10055740.20832049,-53.7567,-0.41199252,-3.30276761,7.41701174,-29.48939699,-56.82128286,-63.47877402,367054184.06651455,0.0408,367054184.07,2022-06-22T06:02:00.000Z
87,8646,Mina,MINA,mina,62,2021-03-02,"['pos', 'zero-knowledge-proofs', 'staking', 'coinbase-ventures-portfolio', 'three-arrows-capital-portfolio', 'polychain-capital-portfolio']",,555841245.8400393,824104972.0,88,2022-06-22T06:02:00.000Z,0.6328122641447804,26135577.68612271,9.8711,-0.01653137,-1.82645774,2.12714246,-38.45125826,-71.83533084,-75.6535343,351743157.28509074,0.0391,521503733.22,2022-06-22T06:02:00.000Z
88,4846,Kava,KAVA,kava,82,2019-10-25,"['cosmos-ecosystem', 'defi', 'binance-launchpad', 'binance-labs-portfolio', 'lending-borowing', 'arrington-xrp-capital-portfolio', 'framework-ventures-portfolio', 'hashkey-capital-portfolio', 'injective-ecosystem']",,213139566.0,218108316.0,89,2022-06-22T06:01:00.000Z,1.6436376836842357,23004557.96924756,-20.6683,-0.08384211,-3.5694724,3.35466122,-40.69643847,-65.37445448,-57.11544172,350324222.56170326,0.0389,358491047.3,2022-06-22T06:01:00.000Z
89,1168,Decred,DCR,decred,57,2016-02-10,"['mineable', 'hybrid-pow-pos', 'blake256', 'medium-of-exchange', 'store-of-value', 'privacy', 'dao', 'placeholder-ventures-portfolio']",21000000.0,14122170.97987345,14122170.97987345,90,2022-06-22T06:01:00.000Z,23.171100279408424,1490756.13111852,-16.9444,0.01942985,-2.73298567,-4.48139813,-39.57061431,-62.95339424,-60.41884494,327226239.93759924,0.0363,486593105.87,2022-06-22T06:01:00.000Z
90,3945,Harmony,ONE,harmony,94,2019-06-01,"['platform', 'enterprise-solutions', 'scaling', 'smart-contracts', 'binance-launchpad', 'binance-labs-portfolio', 'hashkey-capital-portfolio', 'harmony-ecosystem', 'injective-ecosystem', 'bnb-chain']",,12193284508.00067,13501622508.000679,91,2022-06-22T06:01:00.000Z,0.026665254227546117,34461361.24700926,20.2989,0.21065031,-4.62294158,3.21305654,-47.01953004,-76.96302015,-82.53768092,325137031.2746374,0.0361,360024196.66,2022-06-22T06:01:00.000Z
91,4269,GateToken,GT,gatetoken,23,2019-08-20,"['marketplace', 'centralized-exchange', 'discount-token', 'algorand-ecosystem']",,78351930.48540142,300000000.0,91,2022-06-22T06:01:00.000Z,4.14947021112538,3741282.94573387,-7.8978,-0.27726756,1.09910829,-0.85507693,-28.16940812,-35.71622238,-36.24698367,325119001.53333974,0.0361,1244841063.34,2022-06-22T06:01:00.000Z
92,5632,Arweave,AR,arweave,60,2020-05-27,"['distributed-computing', 'filesharing', 'storage', 'coinbase-ventures-portfolio', 'solana-ecosystem', 'arrington-xrp-capital-portfolio', 'blockchain-capital-portfolio', 'a16z-portfolio', 'multicoin-capital-portfolio', 'web3']",66000000.0,33394701.0,63190435.0,93,2022-06-22T06:00:00.000Z,9.455798458370966,21498301.14352564,-40.156,0.15536598,-5.15102436,15.36357976,-40.05389543,-66.46960831,-71.12031293,315773562.23355937,0.0351,624082698.25,2022-06-22T06:00:00.000Z
93,5647,Kadena,KDA,kadena,32,2020-05-31,"['mineable', 'pow', 'blake2s', 'platform', 'cosmos-ecosystem', 'smart-contracts', 'coinfund-portfolio', 'multicoin-capital-portfolio']",1000000000.0,184802447.92335,1000000000.0,94,2022-06-22T06:00:00.000Z,1.6781619994821246,24599250.68639778,2.97,-0.39140909,-4.31140156,7.97604243,-35.16174425,-67.18961542,-73.33965193,310128445.51624024,0.0344,1678161999.48,2022-06-22T06:00:00.000Z
94,8677,Symbol,XYM,symbol,38,2021-03-03,[],8999999999.0,5582460004.558402,7967988929.50477,95,2022-06-22T06:02:00.000Z,0.055259160384524435,3900099.22852269,58.6963,-0.22854509,5.07980097,13.14994585,-16.89494925,-50.24385695,-62.08349547,308482052.73208576,0.0343,497332443.41,2022-06-22T06:02:00.000Z
95,1659,Gnosis,GNO,gnosis-gno,71,2017-05-01,"['services', 'decentralized-exchange', 'defi', 'prediction-markets', 'kenetic-capital-portfolio', 'arbitrum-ecosytem']",10000000.0,2579588.0,3000000.0,96,2022-06-22T06:01:00.000Z,115.26893054140292,4602989.95544108,-62.6236,0.35792348,-3.69695879,-3.28886339,-46.80851223,-65.39707184,-65.06386438,297346349.99743646,0.033,1152689305.41,2022-06-22T06:01:00.000Z
96,2083,Bitcoin Gold,BTG,bitcoin-gold,67,2017-10-23,"['mineable', 'medium-of-exchange', 'payments']",21000000.0,17513923.589,17513923.589,97,2022-06-22T06:01:00.000Z,16.761769570877192,16072894.46691887,30.0624,-0.69502366,-1.77453632,12.24518184,-16.29869198,-50.30041255,-60.27785465,293564351.4807685,0.0326,351997160.99,2022-06-22T06:01:00.000Z
97,2405,IOST,IOST,iostoken,102,2018-01-16,"['hardware', 'iot', 'huobi-capital-portfolio']",90000000000.0,18588745668.0,18588745668.0,98,2022-06-22T06:02:00.000Z,0.015538496727824345,78401553.85191458,326.8677,-0.81612281,6.81060698,19.24058529,-12.92039268,-45.29819969,-40.02017262,288841163.736577,0.0321,1398464705.5,2022-06-22T06:02:00.000Z
98,1684,Qtum,QTUM,qtum,188,2017-05-24,"['platform', 'smart-contracts', 'kenetic-capital-portfolio']",107822406.0,104215175.0,103944501.0,99,2022-06-22T06:01:00.000Z,2.767856474224233,44511866.32840522,6.8219,0.230413,-3.52566956,7.18356035,-34.71293772,-57.14152058,-64.18245246,288452646.83616143,0.032,298436944.51,2022-06-22T06:01:00.000Z
99,5692,Compound,COMP,compound,269,2020-06-16,"['defi', 'dao', 'yield-farming', 'polkadot-ecosystem', 'coinbase-ventures-portfolio', 'three-arrows-capital-portfolio', 'polychain-capital-portfolio', 'lending-borowing', 'dragonfly-capital-portfolio', 'alameda-research-portfolio', 'a16z-portfolio', 'pantera-capital-portfolio', 'paradigm-portfolio', 'bnb-chain']",10000000.0,7152041.04224088,10000000.0,100,2022-06-22T06:01:00.000Z,38.69582131658093,102572899.66115323,5.3211,-0.01554385,-9.65796031,23.9373389,-46.14371155,-71.04368716,-66.96824586,276754102.21940637,0.0307,386958213.17,2022-06-22T06:01:00.000Z
